호출부호,호출부호_encoded
88238,0
DSRB9,1
D7SC,2
130095,3
160014,4
3FSX4,5
DSND9,6
DSRE7,7
71242,8
91321,9
3FJE5,10
H9HG,11
130079,12
971160,13
40438,14
120025,15
9KJW,16
120011,17
105245,18
38217,19
3EYQ5,20
100314,21
122801,22
3EWC6,23
A8XY7,24
192827,25
3FWP5,26
DSAG,27
DSNR6,28
134806,29
D5NP9,30
D7TL,31
180031,32
130060,33
D8QR,34
D9WW,35
3FST6,36
DSMD,37
184803,38
3EBD8,39
130093,40
36715,41
166802,42
3EZT8,43
150071,44
VRGG9,45
DSDB8,46
DSQA4,47
120075,48
134814,49
3ESC2,50
C6VP7,51
HZED,52
194803,53
120021,54
170035,55
192801,56
3FAZ3,57
3FBS2,58
BYIN,59
C6CH6,60
DSFW5,61
DSRN9,62
3FTB7,63
BIBM5,64
105351,65
3FEK7,66
130051,67
130064,68
90211,69
170002,70
955269,71
3FKL5,72
170036,73
DSDD6,74
H9ID,75
HPBS,76
161064,77
3FFU8,78
9V6159,79
HOOB,80
76548,81
100830,82
130017,83
DSEA5,84
DSQF5,85
185303,86
190008,87
180016,88
D7WJ,89
DSRK4,90
JG5415,91
50817,92
3FUO4,93
V7LM8,94
D5UU3,95
DSMB,96
DSRP5,97
D7US,98
V7OH4,99
80568,100
V7ET6,101
V7ST6,102
DSPH2,103
140052,104
9V5322,105
V7OM3,106
DSQH5,107
V7SU7,108
3FDJ3,109
3FPA2,110
DSMS2,111
LAGA7,112
112802,113
VRGG4,114
130029,115
971626,116
HPDR,117
100611,118
134809,119
3FIG4,120
DSFN9,121
120068,122
V7EU4,123
160064,124
D7FD,125
BIAD3,126
DSDD7,127
D7EF,128
60821,129
960771,130
3WVA,131
HOJK,132
3FMR8,133
9V9225,134
H3NF,135
DSQJ6,136
120064,137
130004,138
180017,139
D5NU2,140
D5SB4,141
VRJP9,142
HOXG,143
VRPS4,144
7JQW,145
DSQT8,146
3FHO2,147
DSNA8,148
40484,149
HO9294,150
9V3453,151
3FDM6,152
960823,153
V7OI3,154
71381,155
DSRE2,156
7JOY,157
D7DI,158
DSQW6,159
3EWF8,160
HP8731,161
3FUZ4,162
BQQC,163
140025,164
150074,165
D7TR,166
DSEN2,167
DSQY3,168
162805,169
D7SN,170
DSIU5,171
DSNM2,172
ZGEY3,173
170039,174
58282,175
120066,176
A8SW8,177
DSQK8,178
H3UD,179
9V3529,180
3ECI8,181
120059,182
HPWW,183
D7BK,184
D7NR,185
90831,186
91116,187
D7DD,188
9V5143,189
D8CJ,190
VRAO2,191
3FHR5,192
176801,193
DSRC4,194
130096,195
174810,196
DSPW9,197
V7A2776,198
180025,199
146804,200
D9HA,201
LAHY6,202
ZGFY4,203
160031,204
170030,205
9V7493,206
D7MW,207
VRFX9,208
9V9557,209
D5QN6,210
190015,211
3FKM,212
3FZO6,213
ZGGC2,214
3EKP7,215
D8RM,216
DSPP3,217
132807,218
190005,219
3ECG6,220
9V2824,221
S6CQ8,222
HOSM,223
9V7536,224
DSPJ6,225
150082,226
3EBB6,227
VRNP5,228
120072,229
D5AE7,230
DSME,231
VRDB7,232
JD3225,233
3EJD9,234
9V5408,235
130031,236
180018,237
925334,238
3EPM9,239
D7FY,240
3EGI8,241
3EMU8,242
DSQG9,243
3FCG7,244
925419,245
3FBF6,246
9V9940,247
3ENL7,248
D7BJ,249
130063,250
D7MC,251
9V8625,252
D7OL,253
HPTJ,254
3FMO8,255
3FNE5,256
A8TJ4,257
130008,258
DSRJ2,259
BQTQ,260
3FVV2,261
V7GW6,262
3FSH3,263
MAQR7,264
V7VG3,265
3FIC3,266
3FLI8,267
V7OS6,268
D7SQ,269
D7LQ,270
190025,271
150040,272
3EWD3,273
114801,274
3EVI5,275
ZGBG,276
P3TK9,277
7JTF,278
9LU2620,279
V7AY5,280
3EAC2,281
D7YD,282
A8RD9,283
D7AY,284
9V3937,285
140031,286
3EVS3,287
9V8221,288
DSPV8,289
D8SD,290
HONQ,291
LAIX6,292
D8YJ,293
ELVD6,294
110069,295
9V5490,296
110047,297
D5TG8,298
3FAO6,299
3FSA6,300
DSPO9,301
3EPW3,302
V7A2663,303
DSQA5,304
9V5043,305
VREO7,306
3FYE,307
975660,308
D8SV,309
D8BO,310
H3QY,311
9V2957,312
DSNR5,313
V7ZV6,314
HPGG,315
LAMI7,316
D7AT,317
P3TL9,318
9V9556,319
D7GR,320
D7BX,321
DSEX3,322
PCPA,323
SVAP3,324
DSPD6,325
3FKQ2,326
DSRL7,327
3EOE8,328
7JQC,329
3EGU7,330
DSQI3,331
VRKW8,332
ELSN7,333
D7RS,334
D5RU8,335
3FZE4,336
A8PH9,337
DSQT6,338
V7A2681,339
VRJR5,340
D7TP,341
3EWU8,342
JK5538,343
VRDD8,344
3FTM3,345
DSOD8,346
3EZF2,347
971559,348
3EEK7,349
9V5084,350
D7TE,351
WGDW,352
9V6438,353
2IYG7,354
BEME7,355
V7BJ5,356
D7ES,357
D7AP,358
980117,359
C6BV3,360
VRRZ3,361
920796,362
D7NM,363
DSQP2,364
V7RW6,365
A8VN3,366
D8DB,367
DSRH6,368
9V2137,369
DSRO4,370
2GXK8,371
18212,372
VRTC8,373
D8BR,374
965380,375
9MWS7,376
D5BW5,377
V7GW8,378
V7OH9,379
130047,380
ZCDX9,381
3EIU4,382
934543,383
D7RA,384
D7ET,385
V7A2621,386
D7BV,387
736,388
DSMC,389
V7GZ5,390
D5RA7,391
A8MJ5,392
DSFT9,393
V7GT7,394
120004,395
DSFK7,396
S6BK3,397
C6BX6,398
D7CI,399
DSMA9,400
D8BV,401
3FRO9,402
D7NP,403
3EMJ3,404
D7LG,405
D7AK,406
9V5044,407
D8VO,408
D7CV,409
3EIS8,410
A8ZM6,411
180010,412
3FWS8,413
HOSR,414
5BGY5,415
3EFI7,416
D7LI,417
10511,418
3FAD4,419
D5PH7,420
VRIC3,421
3FQP5,422
9V3383,423
S6CB7,424
D5SU8,425
DSMA7,426
140035,427
D7BN,428
DSQP9,429
LATM7,430
3FBN7,431
D5MX3,432
D5QB4,433
VRRA6,434
C6XO6,435
3EJX5,436
DSOI5,437
H8IP,438
D5MT7,439
D7BG,440
VRER4,441
91031,442
S6CB3,443
DSRP3,444
D8MW,445
VRFA5,446
D7OO,447
3EEW9,448
DSQJ9,449
D5QM8,450
A8RF3,451
H9NI,452
VRGB9,453
9V3298,454
3EVD9,455
V7AG5,456
D7EC,457
OXAP2,458
VRDL8,459
114806,460
BRRG,461
WDI5693,462
SVBV4,463
3FUK8,464
V7A2682,465
BUPL,466
DSQI9,467
DSNH2,468
BURS,469
A8KL4,470
DSOV4,471
D7RM,472
VRRW4,473
ZCSP2,474
9V9560,475
DSPC6,476
VRCK5,477
VREP6,478
V7NQ5,479
OYCR2,480
3ECI6,481
HOEQ,482
3FHW3,483
9V5428,484
9V5568,485
LAHJ7,486
3EZE,487
9V3286,488
D7TX,489
9V2120,490
D7JT,491
D7NV,492
D7DL,493
D7QA,494
HPDG,495
3FQX3,496
3EAL5,497
LARX7,498
D5QM7,499
LAFX8,500
VRHQ6,501
3EAZ5,502
DSRP4,503
H9FS,504
3EDI7,505
VRRG2,506
3EWS3,507
9LU2397,508
DSDZ5,509
DSPK8,510
DSPL3,511
D7AD,512
D7CD,513
DSQN8,514
3FBX7,515
D7TV,516
V7OW4,517
DSMB2,518
OWXG2,519
V7NT5,520
D5RC7,521
D7TA,522
S6HB4,523
V7RW7,524
DSQF4,525
V7VB9,526
3EEJ,527
V7OH5,528
ZGFW5,529
3EWD7,530
V7XO9,531
9V5200,532
A8LP2,533
3FBG9,534
D8CS,535
VROB3,536
3EPM8,537
V7NV2,538
3FUM8,539
H9UK,540
3FRE9,541
DSPR5,542
D7LM,543
D7NK,544
3FJR3,545
H9AH,546
VROP2,547
D5FZ2,548
SVQD,549
V7BL6,550
V7HE2,551
3EST5,552
3WPG,553
ELUI5,554
3FOY9,555
3ETX9,556
DSQC6,557
3ESU6,558
DSPH7,559
D8RE,560
ZGFL8,561
DSQE2,562
D7OB,563
HPQG,564
ZCSP5,565
170022,566
9V8813,567
D7TI,568
BPLQ,569
V7ST4,570
DSPF9,571
120061,572
FIHZ,573
OUYK2,574
D7FR,575
VRQC9,576
3FBD4,577
D5AF5,578
DSNJ7,579
D7CT,580
9V5647,581
C6VO4,582
DSQJ5,583
3ELY4,584
C6TM9,585
P3TH9,586
V7A2490,587
DSIJ9,588
9V3906,589
V7JZ6,590
3FUK4,591
D5RT2,592
LADM7,593
D5NR4,594
VRRX8,595
2IYG5,596
SVBR3,597
D5EM8,598
3EEG9,599
D5BR8,600
LAMJ7,601
3FYQ7,602
9V6096,603
HPLX,604
3FUV2,605
D7LT,606
DYQC,607
V7BE4,608
3FLE,609
HZBZ,610
C6UP8,611
2IPF6,612
3WUS,613
D8BU,614
VRFC7,615
3FRP8,616
3FTE,617
3FZE,618
3FWB8,619
D7LS,620
VRQX7,621
DSMA3,622
110092,623
3FXP5,624
D8NB,625
VRPR8,626
DSQD9,627
VRGM5,628
V7QV4,629
VREC6,630
122804,631
9V6102,632
9HPO9,633
9V3700,634
D7LH,635
PBUC,636
HZQB,637
D7BF,638
UBRF,639
UBQN2,640
9V5538,641
3FWC6,642
BIBL3,643
DSRN8,644
9V5144,645
LAFZ8,646
D8BD,647
V7GT2,648
V7XH3,649
D8CT,650
150035,651
D8SG,652
3FOE8,653
9HA3064,654
D7BH,655
V7GY2,656
HOKR,657
LAXU5,658
D7CF,659
3ETD,660
J7AB5,661
3WWC7,662
9HA2697,663
3FJT,664
DBIP,665
9VAA9,666
DSED4,667
D5EM5,668
2CYD8,669
BQTZ,670
MAQR2,671
3EXG6,672
3EVN9,673
MAES7,674
124810,675
V7HH2,676
9V7520,677
3EWV9,678
V7AY7,679
C4ET2,680
VRMJ4,681
D7MA,682
DSRH4,683
P3WH9,684
VRFL4,685
3ESP5,686
D7OX,687
D8CN,688
D5MY2,689
V7VQ6,690
S6CB5,691
V7CM8,692
V7CG8,693
V7UB6,694
10192,695
3FIT6,696
204801,697
9VNH8,698
A8TT3,699
V7SO9,700
80511,701
DSPP7,702
180020,703
V7A2126,704
3ESK6,705
DSQH9,706
LALM5,707
D7EX,708
LAFZ7,709
55755,710
D7BU,711
SZNO,712
2CVX9,713
9V6167,714
DSAU950,715
D7AZ,716
9V3569,717
ZCXG8,718
3FFD3,719
DSMZ5,720
V7CH3,721
3FXJ6,722
9HA3909,723
75742,724
3FKI5,725
9V9704,726
H9AO,727
3FMN5,728
DSRL9,729
9V5486,730
HZGK,731
V7AB8,732
9V6197,733
9V5147,734
9V9871,735
3FAE6,736
V7ZI2,737
3FPA8,738
9V2922,739
ONIA,740
HORN,741
DSQI2,742
3FEB9,743
VRPV9,744
9V9318,745
D7NF,746
D7ST,747
3FKW2,748
9V5118,749
PCIG,750
3EIS2,751
3FQO3,752
C6YA4,753
9HA5145,754
D5AC5,755
D7CA,756
D7RV,757
ZGEY5,758
180029,759
3FPP3,760
V7QK6,761
HSB4699,762
9VAA8,763
D5HJ9,764
ZCEY4,765
3EDK5,766
934345,767
D7RE,768
66597,769
C6XN9,770
V7AS4,771
V7RA2,772
ZCXH,773
VRDH9,774
3EYR2,775
D8MR,776
V7VE9,777
9V8552,778
3EPV8,779
D5FZ8,780
3FVX8,781
58275,782
3FWX,783
V7SV3,784
C6DS8,785
DSEA4,786
V7LF8,787
V7AC9,788
V7VJ4,789
955160,790
A8ZM8,791
9LU2164,792
OYFP2,793
3FEW,794
3EAG7,795
965128,796
DSPU4,797
3FNW5,798
DUJY,799
9V9467,800
3FXK2,801
VREK2,802
ZGDV5,803
D7TJ,804
3ETQ2,805
MEMO8,806
H9AM,807
3EKQ6,808
3EYS7,809
HZAK,810
3EXJ3,811
9V9589,812
BURG,813
D5TX8,814
DSOR8,815
V7DJ4,816
DSDM7,817
H3RU,818
VRNS8,819
3EPY3,820
D7OG,821
D7SA,822
9V5146,823
ZCSP4,824
9V5899,825
C6FZ4,826
S6AP2,827
2IUA8,828
BIBY2,829
9A2798,830
D7WE,831
122813,832
VRDT6,833
ZCGE5,834
DYTH,835
3FXU6,836
3FNX8,837
ZCEM2,838
VRFL5,839
3EWX4,840
VREF7,841
D9FW,842
HZAJ,843
3FOL5,844
ZGGU,845
C6XS9,846
9KJV,847
D7DN,848
LAFY8,849
V7BN5,850
D7CM,851
D7FA,852
V7IH3,853
D5DU3,854
D7RJ,855
HSB5982,856
9V3343,857
9V5446,858
D5AE6,859
OYSN2,860
V7FN7,861
3FVS,862
3FZZ8,863
3EBU2,864
VRXL9,865
3EUG5,866
9HA5151,867
3ELI8,868
HZDC,869
H8BD,870
V7FU4,871
V7HJ6,872
3EXR3,873
ZGAO2,874
9HA2820,875
HZEI,876
LAFA6,877
3EWP7,878
BOEJ,879
3FKV2,880
7KGE,881
130088,882
9V9742,883
9V3481,884
3EXM9,885
DSQM5,886
3FTH3,887
DSRB7,888
UCHL,889
9V5444,890
VRQW2,891
V7OQ3,892
9V2993,893
V7ZG3,894
HODJ,895
3ECG9,896
9V5487,897
3ECS4,898
3EZU7,899
HZEE,900
D7NL,901
VREC7,902
V7ZH9,903
DSRG6,904
V7A2296,905
VRGM6,906
ZCTC3,907
3EKI9,908
9V5045,909
D7ZP,910
UBET5,911
3FFZ8,912
130074,913
3FXX2,914
BPCZ,915
XVFT,916
A8YV4,917
VRDY3,918
D5SU4,919
BUSA6,920
3FHV3,921
9V5429,922
3FFU5,923
DSRL8,924
5BXB2,925
V7DB7,926
V7HI3,927
S6AG6,928
DSRP6,929
H3UY,930
D5VB8,931
300KTSRED,932
S6BB2,933
3FIT,934
2IYH4,935
3FPM,936
VRII6,937
H3MS,938
D5RC6,939
9V3568,940
VREU8,941
3FUN3,942
VRNB7,943
3WZP,944
DSHE550,945
D5VL2,946
9V3031,947
D5SY3,948
S6HB2,949
9HA5155,950
D5AN6,951
VRDK9,952
V7A2618,953
V7A2282,954
9VDL8,955
3EYC5,956
7JJC,957
OWMB2,958
DMDZ,959
VRJM7,960
LAFK7,961
V7AJ2,962
C6XN7,963
ZCEO9,964
DSPQ4,965
V7A2822,966
VREF8,967
9VVD4,968
70928,969
D5RL3,970
V7SL7,971
D8VV,972
3WYF7,973
D5MX9,974
V7IN4,975
V7GX2,976
994515,977
V7AV6,978
V7IW3,979
V7ML4,980
3FBL9,981
2GXK9,982
XVZC7,983
7JNY,984
9V2179,985
ZGEY2,986
S6EP6,987
D5TK5,988
3EZL5,989
A8XT9,990
200009,991
190027,992
V7HK8,993
5BCP2,994
D5RC8,995
3EON7,996
V7A2637,997
UBSI7,998
V7JO5,999
9V3815,1000
V7FI9,1001
DSPB9,1002
3FZR3,1003
V7MA2,1004
9VJY8,1005
BOOA,1006
9V6745,1007
V7ST2,1008
ZGER8,1009
ZGFY6,1010
D7HF,1011
H9RL,1012
9HA2669,1013
3FPQ3,1014
VRQZ7,1015
LAFY7,1016
3EZZ6,1017
9V5570,1018
HPIX,1019
DSPU8,1020
HZFV,1021
9V5491,1022
LAVL5,1023
P3TJ9,1024
ZCTV7,1025
9V6390,1026
VRST5,1027
A8HL9,1028
VRGH4,1029
DSQJ3,1030
190026,1031
9V2918,1032
VRRE8,1033
9V5145,1034
BUPI,1035
D5WU3,1036
HZAG,1037
ZGAO,1038
V7AZ3,1039
V7HE6,1040
A8HY5,1041
160021,1042
VRMJ5,1043
9MVO5,1044
9V2695,1045
HZEF,1046
BURO,1047
HZZK,1048
VRFX4,1049
LAUU4,1050
D8CY,1051
BPGJ,1052
V7OE7,1053
H8NM,1054
3EVF3,1055
LAFX7,1056
3EWR4,1057
9V9317,1058
V7XP2,1059
H9MA,1060
3FQU3,1061
9V3271,1062
C6BR6,1063
VRFD5,1064
9HA4954,1065
ZCSP8,1066
LATL7,1067
D7RC,1068
ELUO6,1069
V7GX6,1070
C6VP9,1071
UBUR3,1072
V7RE6,1073
3FDQ2,1074
VRPN9,1075
9HA4246,1076
V7A2695,1077
VRPX8,1078
9HA3544,1079
3EIG9,1080
DSHD250,1081
V7JO7,1082
VRKT5,1083
9V3412,1084
D5RC5,1085
HPTN,1086
V7XV6,1087
3FUC6,1088
V7KV2,1089
3FMZ,1090
9V3895,1091
V7FP6,1092
3EZF5,1093
ELZY8,1094
88443,1095
OZCI2,1096
9V6439,1097
D5SX9,1098
3FIC7,1099
ZCSP6,1100
VRYS6,1101
V7CF3,1102
HZAT,1103
VRRA8,1104
D7EP,1105
BURP,1106
3FML2,1107
V7RX5,1108
LAIN6,1109
3FUA6,1110
H9DH,1111
3FFE6,1112
BUPC,1113
H8EM,1114
9V6437,1115
LAFL7,1116
CQNZ,1117
V7FK4,1118
9HA2711,1119
ZCSQ,1120
3EMS8,1121
A8GJ7,1122
3EFS5,1123
VRBS2,1124
3FXL8,1125
200013,1126
HPGJ,1127
VREN2,1128
3EXO6,1129
V7YC8,1130
3FWW5,1131
DSPE5,1132
3EDJ,1133
9V6168,1134
V7DP5,1135
VRPG6,1136
3FEG8,1137
ELSN9,1138
HPBG,1139
T2MG5,1140
D5MY3,1141
UCSB,1142
ZGEY4,1143
BIBB6,1144
V7OQ6,1145
VRRN9,1146
9V2992,1147
V7LF9,1148
3EJN3,1149
UBAS9,1150
V7FS4,1151
C6UO6,1152
9V6751,1153
3FJP4,1154
LAFN8,1155
9V5055,1156
LASW5,1157
HZDZ,1158
3FFJ8,1159
3FTT2,1160
D8CE,1161
2GXK6,1162
9LC2173,1163
DSNA3,1164
V7SU9,1165
C6XQ7,1166
2BYK3,1167
VRMK3,1168
9V3389,1169
3FXZ7,1170
BIAX,1171
D5MX8,1172
C6BW8,1173
DSQW9,1174
A8ZN2,1175
LAFM7,1176
HPWH,1177
DUIJ,1178
9HA4399,1179
3FLM7,1180
3EGZ3,1181
9HTD8,1182
9V5673,1183
V7HE3,1184
9V5116,1185
3FWA7,1186
HO5909,1187
D5QE9,1188
9V2341,1189
9A2632,1190
9V2732,1191
D5TH4,1192
ZCSR,1193
3ETR3,1194
V7RA3,1195
3EWO9,1196
9HA4281,1197
3EGF2,1198
9V3297,1199
156813,1200
D7DW,1201
3FRC,1202
V7UF2,1203
VRRZ7,1204
9HA4391,1205
DSMT2,1206
V7A2627,1207
V7JJ4,1208
V7FK6,1209
3FYA3,1210
LAUA5,1211
3FIK8,1212
A8YV5,1213
HPTK,1214
202809,1215
V7A2636,1216
HPWV,1217
LAGV8,1218
3EWV4,1219
XVQK,1220
7JSQ,1221
ZGGU2,1222
VRQQ8,1223
9VPN7,1224
V7OV2,1225
3ESA8,1226
D5RX2,1227
975935,1228
V7A2930,1229
AWER,1230
D7UK,1231
3EST3,1232
V7MF2,1233
9V5837,1234
BUSQ,1235
VRQU4,1236
9V2920,1237
HOCT,1238
9V6269,1239
VREV7,1240
3EWF4,1241
V7KL8,1242
3FXY3,1243
3FAW9,1244
A8PQ8,1245
3EVM4,1246
V7GX7,1247
VRQX2,1248
9LU2582,1249
LADW8,1250
9V2272,1251
D7TM,1252
ZGIH9,1253
V7CD9,1254
VRRG4,1255
166803,1256
940851,1257
3EZD7,1258
D5HL2,1259
VRDW8,1260
D8BL,1261
LAFL8,1262
D7BY,1263
3FQB9,1264
OULU2,1265
V7EX8,1266
D8CO,1267
9HA4664,1268
VRQY8,1269
HZAL,1270
3FUP9,1271
V7UK3,1272
3EJM6,1273
LAJU6,1274
9HQH9,1275
ONIX,1276
UBIR3,1277
9V8894,1278
VRCH2,1279
LAWB7,1280
V7UY3,1281
OWAP2,1282
C6BX2,1283
V7A2469,1284
9V2529,1285
BOEZ,1286
D5TR6,1287
3FPR5,1288
C4YF2,1289
3FMK7,1290
D5DA7,1291
3EZR9,1292
3FZX7,1293
D7CB,1294
3EBI,1295
V7A2146,1296
VRGG5,1297
V7NJ4,1298
C6XP9,1299
BQTO,1300
D5HE3,1301
V7QJ5,1302
3FEQ4,1303
VRCG3,1304
VRGO4,1305
2IYH6,1306
D7SJ,1307
9V2528,1308
VRXO2,1309
3FTI4,1310
D5RC9,1311
V7SU6,1312
9V9577,1313
YCHV,1314
D5WA6,1315
9V9576,1316
3EIW4,1317
D5TJ3,1318
9V8568,1319
V7BD3,1320
H9FW,1321
HPOP,1322
D5NR3,1323
A8RF5,1324
D7AV,1325
9V2314,1326
DSRC5,1327
9V9363,1328
H8QE,1329
XVWI9,1330
V7VN7,1331
D5HE6,1332
3ENG3,1333
D5CM9,1334
3FZG7,1335
970686,1336
92615,1337
9V7685,1338
2DBR8,1339
3FBF9,1340
9LC2077,1341
D7FG,1342
3FHF8,1343
3EPW7,1344
BOEA,1345
V7ZP4,1346
3FPD2,1347
3EXV7,1348
V7HD9,1349
9V6987,1350
OXMF2,1351
OYRP2,1352
D5FT9,1353
V7GY5,1354
VRRH7,1355
9VAL7,1356
130024,1357
9HA5223,1358
V7A2018,1359
9V2919,1360
V7FA2,1361
HPGC,1362
VRLY3,1363
3EPZ8,1364
9V8460,1365
BPAI,1366
A8XU2,1367
3FVK9,1368
9V6800,1369
V7QO9,1370
VRLW7,1371
JJGM,1372
T8A3312,1373
9V2345,1374
H3PY,1375
LARW7,1376
3ECB4,1377
V7A2638,1378
V7IT6,1379
D5MX2,1380
3EJK,1381
OYHQ2,1382
DUDN,1383
LAGU6,1384
V7CU9,1385
2JDT5,1386
H3MW,1387
3ETQ6,1388
HZBB,1389
2IYH5,1390
V7NF8,1391
HSB2978,1392
3FZI2,1393
D8VG,1394
VRFC4,1395
V7DP8,1396
C6YZ4,1397
V2GS4,1398
V7DQ3,1399
D5SA7,1400
D5RC4,1401
7JBD,1402
AUYL,1403
V7TB4,1404
D5KU6,1405
3ENU2,1406
3FUW3,1407
D5MN2,1408
ONJF,1409
WDH3033,1410
9V8190,1411
3EYD4,1412
OYKG2,1413
V7XI2,1414
V7YB9,1415
9V6541,1416
7JBX,1417
3FII9,1418
C6VK2,1419
VRPM3,1420
D5FZ6,1421
V7GX5,1422
D5KC5,1423
9V5639,1424
D5FK4,1425
3FNZ5,1426
5BNP4,1427
D5DP9,1428
V7HE4,1429
3FOT4,1430
UBYS2,1431
OXXJ2,1432
3FBL7,1433
3ECT9,1434
VRQD8,1435
V7JT2,1436
90282,1437
V7JZ7,1438
9HA3984,1439
V7OV3,1440
A8YB5,1441
V7BN6,1442
MADV5,1443
V7DP6,1444
2AVS9,1445
A8YA5,1446
9LU2381,1447
3FUW9,1448
D5QV4,1449
VRCQ6,1450
D9CE,1451
D5FU2,1452
9V7492,1453
9V9152,1454
HZEH,1455
BIBL4,1456
BIAG7,1457
9V2735,1458
9V8516,1459
V7UN7,1460
3FSO8,1461
VRQZ5,1462
A8RK7,1463
HOYR,1464
LAKA5,1465
3FNI3,1466
D5MX5,1467
3EPK7,1468
3EED2,1469
LAWC7,1470
VRDL2,1471
3FFL3,1472
9V6821,1473
HPSV,1474
9V5280,1475
D5HN7,1476
V7UZ6,1477
ZCES9,1478
V7HS5,1479
D7SM,1480
3FZS2,1481
3EBK7,1482
LAGX8,1483
3FAG8,1484
HPBI,1485
D7MV,1486
9V2088,1487
LAGW6,1488
ZGHP9,1489
ELYC9,1490
3EGK,1491
3EUS5,1492
3FOO2,1493
V7VZ3,1494
A8ZM9,1495
V7CL5,1496
C6EJ8,1497
DYTJ,1498
V7JO9,1499
V7JZ8,1500
111002,1501
VRLF2,1502
LAGV6,1503
3FPI6,1504
ZGAN8,1505
V7A2828,1506
9V3871,1507
9VBU8,1508
ONHD,1509
9MVS3,1510
OYKD2,1511
LAUE4,1512
V7A2436,1513
DUHA,1514
V7A2418,1515
UBSQ6,1516
3FNA,1517
VRYA6,1518
3FFK9,1519
3FTD8,1520
D7DZ,1521
E5U3218,1522
V7TO8,1523
V7MS4,1524
3EUQ2,1525
C6WP3,1526
HZBA,1527
3FMI2,1528
ZGAN9,1529
VRRS6,1530
71398,1531
9V7906,1532
D7LA,1533
YDAZ2,1534
V7A2912,1535
3EOM3,1536
C6EP3,1537
V7A2808,1538
V7CC5,1539
OYDD2,1540
V7A2143,1541
V7FX9,1542
3FSF6,1543
A8SX8,1544
DSRK6,1545
ZCXZ4,1546
VREU4,1547
S2BG3,1548
5BDT5,1549
9V3328,1550
2FBC2,1551
D5DP5,1552
D5XT8,1553
V7UT9,1554
VRRJ3,1555
3FWR3,1556
C6EK3,1557
A8CE3,1558
3ENP2,1559
V7A2873,1560
V7PU7,1561
2EIF7,1562
120077,1563
9HA3985,1564
2IGL3,1565
VRGU7,1566
H9FO,1567
VREF6,1568
VRFI4,1569
V7A2395,1570
V7VA6,1571
A8AR3,1572
3ECZ3,1573
D7UZ,1574
V8V3147,1575
UBDJ8,1576
V7UW2,1577
9V6275,1578
A8KC2,1579
3ESI5,1580
D5HE5,1581
D5FU3,1582
VTBO,1583
D5YJ8,1584
130010,1585
YDBF2,1586
D7EL,1587
V7TZ2,1588
9LU2807,1589
DUJQ,1590
3EYW9,1591
3FLA7,1592
V7EI2,1593
3EFA4,1594
3WMU,1595
MBAV3,1596
3FPN6,1597
V7A2116,1598
D7NQ,1599
C6BG4,1600
D5VU5,1601
9V2730,1602
9V3600,1603
3FLZ5,1604
AVBD,1605
JD3864,1606
V7BN9,1607
9V3777,1608
D5OT5,1609
D8AG,1610
3FPR4,1611
HZAM,1612
A8HA8,1613
D5PU2,1614
D7WH,1615
H3WM,1616
V7GX4,1617
9V2991,1618
A8YG6,1619
3FOX8,1620
18244,1621
9HA4835,1622
V7TS8,1623
V7GZ3,1624
V7A2735,1625
3FGL9,1626
7KEM,1627
VRDU5,1628
9V6815,1629
LAVT7,1630
V7VL4,1631
V7FP9,1632
VRLL5,1633
9V8048,1634
VROW2,1635
BQCZ,1636
MPWQ6,1637
D5TK3,1638
V7HH4,1639
3FLG,1640
70058,1641
980414,1642
D7VR,1643
3ETI6,1644
V7RE5,1645
9V5806,1646
HSB7434,1647
200023,1648
D7VA,1649
3FSD6,1650
ZGER6,1651
3FRP9,1652
DUJJ,1653
955304,1654
XVGD7,1655
3FQW5,1656
HZAO,1657
3EVA5,1658
D5IN9,1659
VRTN7,1660
V7TP4,1661
5BHK3,1662
V7SK3,1663
ZCTY8,1664
3EYU9,1665
9HA5039,1666
V7OF7,1667
V7A2872,1668
3FEZ7,1669
V7LR3,1670
BOGI3,1671
7KEJ,1672
LAGA8,1673
9V6251,1674
70890,1675
UBMU3,1676
OZBB2,1677
VRDX5,1678
ZCYJ2,1679
9V2426,1680
V7A2250,1681
V7A2401,1682
D5RO3,1683
2IDH5,1684
HPQL,1685
OYNL2,1686
D5RR2,1687
9V2366,1688
D5SO3,1689
UBPK3,1690
9V6038,1691
H9GD,1692
3WRA,1693
9V2994,1694
VREQ7,1695
3FNQ9,1696
VRFF8,1697
9HA3026,1698
LASA7,1699
VRTE6,1700
OYGL2,1701
DUIW,1702
9HA2302,1703
9V8553,1704
D5PT9,1705
ELYC8,1706
BFBM5,1707
3FIJ3,1708
OUMZ2,1709
D7RI,1710
9V7684,1711
9HA4295,1712
A8MZ6,1713
D7KS,1714
C6BT3,1715
V7UC4,1716
VRFM8,1717
VRQK8,1718
9V6013,1719
MAQN9,1720
OWQI2,1721
S2AI2,1722
2ICT5,1723
3FBQ7,1724
LAKE8,1725
SBIA,1726
ZIRQ6,1727
D7AS,1728
BILK,1729
V7QE6,1730
D7VQ,1731
V7JQ4,1732
VRJM4,1733
V7WJ8,1734
3EVU7,1735
D5KU3,1736
A8TK8,1737
D5SE3,1738
9V5426,1739
VRTE4,1740
7KES,1741
3FJR4,1742
9HA2097,1743
D5AA7,1744
V7FU5,1745
200024,1746
A8XG7,1747
9V2731,1748
3FUU,1749
C6BR8,1750
D7VU,1751
OZLL2,1752
A8FO9,1753
9V6735,1754
9HA4256,1755
VRSP7,1756
VRTT5,1757
9V8807,1758
OYNE2,1759
VRRI3,1760
V7QV9,1761
9V2133,1762
OXDW2,1763
9HA5190,1764
V7BN3,1765
D5WS3,1766
UBMU4,1767
A8MS5,1768
LAFN7,1769
D7TH,1770
V7SJ7,1771
9V2425,1772
VRQF3,1773
9HMO9,1774
VRXU4,1775
V7CT5,1776
D8TY,1777
132812,1778
A8MJ7,1779
200036,1780
V7HH8,1781
9V3674,1782
ZGBH8,1783
V7FJ9,1784
LAHJ6,1785
V7SD3,1786
VRSC7,1787
V7A2005,1788
3FTM,1789
V7YC9,1790
A8AK7,1791
D7DA,1792
OYNK2,1793
D7VT,1794
9V6887,1795
9HA4881,1796
VRYI7,1797
9V3248,1798
9V6961,1799
15640,1800
3EFP6,1801
D5VK9,1802
DUHZ,1803
9V2739,1804
V7HM8,1805
A8HA9,1806
SXXT,1807
H3PA,1808
9V8551,1809
9V5427,1810
9HA4757,1811
3FDX3,1812
9HA4630,1813
3EAB8,1814
V7FM2,1815
81791,1816
D7CR,1817
9V9680,1818
9V2907,1819
9V6676,1820
V7BQ4,1821
9VJK2,1822
VRQX4,1823
XVGN7,1824
D7TB,1825
9V6825,1826
2AIU7,1827
3FOW7,1828
D7AH,1829
V7ST9,1830
V7A2344,1831
9V6829,1832
70606,1833
YBWE2,1834
200043,1835
DUKS,1836
D5LG8,1837
YCUE2,1838
200035,1839
C6BC5,1840
D5FL5,1841
D5QR2,1842
9V8456,1843
IBEU,1844
MTCN4,1845
3FZF2,1846
9V2587,1847
D5DP6,1848
V7UU3,1849
V7FG4,1850
A8YQ2,1851
H9FG,1852
9V6401,1853
3FKJ6,1854
D7AM,1855
MJUV7,1856
7KDS,1857
V7A2437,1858
9HVB9,1859
3FSS3,1860
3EQO2,1861
A8XG5,1862
VRCN7,1863
3EGC3,1864
D7AC,1865
D5WQ2,1866
V7BH8,1867
S6BB3,1868
200018,1869
D5VK5,1870
UBSU5,1871
3FUD6,1872
V7JO2,1873
D7KV,1874
V7A2453,1875
BOGJ,1876
D5RS3,1877
9V6801,1878
BOPE,1879
V7XB4,1880
ZGFL9,1881
V7JG4,1882
3FMZ3,1883
D5QE6,1884
A8IW6,1885
V7FY2,1886
9HA5371,1887
V7A4366,1888
3FJT4,1889
TRA120,1890
BQCG,1891
3EQA8,1892
BIBD8,1893
9HA3302,1894
160040,1895
3FAQ2,1896
3FNT7,1897
D5EP6,1898
9V3274,1899
ZGHZ4,1900
LAKA8,1901
V7A2830,1902
V7FP5,1903
210009,1904
V7SU2,1905
XVCY,1906
9HUB7,1907
D5QG8,1908
3FYZ4,1909
3FDR8,1910
T2LU5,1911
VREV2,1912
V7TH5,1913
D7AW,1914
ICBQ,1915
LAZL7,1916
3FVO6,1917
9V3759,1918
V7NW6,1919
9V9163,1920
VRJM6,1921
9HNK8,1922
9VJR7,1923
A8PQ3,1924
5BUH2,1925
BOPC,1926
H3LE,1927
V7QA9,1928
9V6816,1929
D5YF5,1930
D5RX9,1931
3EZC5,1932
C6BQ4,1933
VRCQ2,1934
D5PI5,1935
V7A4367,1936
9VCN6,1937
VRHJ8,1938
VRIZ7,1939
V7EW2,1940
V2FY3,1941
D5WV3,1942
OYQA2,1943
9HA4459,1944
9V6345,1945
BOPD,1946
180005,1947
LAMC8,1948
D7BP,1949
V7A2536,1950
9V6803,1951
V7PF5,1952
3ERG8,1953
204007,1954
V7A4400,1955
3FUK2,1956
9HA4390,1957
HZFC,1958
9V3250,1959
V7DH3,1960
C4EU2,1961
5BRM2,1962
9V8182,1963
3EBU9,1964
3FMJ,1965
3FYJ9,1966
ZMAG,1967
D5KW9,1968
D5WZ6,1969
C6BJ4,1970
V7WZ8,1971
9HA4002,1972
V7EI8,1973
SVBB3,1974
D5XM4,1975
3FWB6,1976
LADW6,1977
9V6149,1978
D5VT2,1979
V7A2274,1980
9V6927,1981
VRDW7,1982
200033,1983
V7OQ2,1984
LAXN4,1985
SXMB,1986
9HA4456,1987
ZCEO4,1988
3FEK8,1989
9V6928,1990
SVNP,1991
MAFV3,1992
9V9637,1993
V7A4495,1994
9V6399,1995
V7A4339,1996
D5XN5,1997
BSR210003,1998
HO3021,1999
V7EJ3,2000
V7A2534,2001
3FEB4,2002
3FOJ3,2003
HSB5769,2004
VRDB8,2005
2ICX9,2006
9V6924,2007
D5QN2,2008
UBCN,2009
9V5481,2010
975981,2011
210011,2012
3FKR8,2013
9V9468,2014
D5MX7,2015
VROB4,2016
MBAU9,2017
VTKD,2018
9HA5035,2019
V7GX8,2020
3EGF,2021
9V6271,2022
LADI8,2023
D5RQ9,2024
V7CD7,2025
D7BW,2026
D5FZ5,2027
9V9636,2028
D7HH,2029
V7PL3,2030
D5QQ7,2031
9V5054,2032
V7NI5,2033
OZPJ2,2034
3FG04,2035
V7CY5,2036
9HA4252,2037
200031,2038
OZSG2,2039
3EPB5,2040
V7OT6,2041
LARV7,2042
V7A4662,2043
D5YW5,2044
D5RB8,2045
S2AI3,2046
YCRB2,2047
V7A2373,2048
VRTI5,2049
V3EH2,2050
9HA5270,2051
112815,2052
LAYP4,2053
9HA5395,2054
9V6194,2055
990404,2056
9HA5152,2057
VRPL5,2058
HZEG,2059
V7MK9,2060
3EDE8,2061
9V3638,2062
YDBY2,2063
9V5664,2064
DSQF6,2065
V7A4364,2066
9HUC7,2067
ZGBF5,2068
3EZS5,2069
A8RM7,2070
2JRS8,2071
LAZK7,2072
D5YW4,2073
VRPS5,2074
C6BF9,2075
V7BP9,2076
V7A4440,2077
V7UB7,2078
3FEQ8,2079
V7A2160,2080
BONN5,2081
MLJA8,2082
3FUY4,2083
5LAH6,2084
210003,2085
9V3671,2086
9V6840,2087
HZEJ,2088
LACQ7,2089
9VFJ6,2090
VRCL5,2091
9HBP8,2092
D5QX8,2093
3FZR6,2094
VREJ9,2095
9V2822,2096
D7WC,2097
D5SB3,2098
ZGEX9,2099
9V3273,2100
A7NA,2101
9HA4253,2102
9V2553,2103
5BFF5,2104
HZDE,2105
9V8890,2106
V7KN6,2107
D7DP,2108
9HRW9,2109
2IYH2,2110
D5TG7,2111
9V6196,2112
OYDB2,2113
971467,2114
T2FF5,2115
BODQ7,2116
ELZP6,2117
V7A4502,2118
955212,2119
D5AW2,2120
V7NT2,2121
VRDW6,2122
D5ZE6,2123
V7LV7,2124
ZCEM7,2125
D7WA,2126
D5RC3,2127
VRLY6,2128
D7VZ,2129
3EJY5,2130
LAEA7,2131
D5HE4,2132
A8ER5,2133
VRFN3,2134
3EWA7,2135
H8NZ,2136
A8PL6,2137
VRLF5,2138
D5NJ9,2139
D5TH3,2140
3FHT6,2141
V7DT6,2142
V7A2035,2143
V7VQ8,2144
D7CQ,2145
VRTW2,2146
HSB6519,2147
V7A2307,2148
V7NQ8,2149
3FRB4,2150
D7WI,2151
D5LA8,2152
V7HS4,2153
H3VH,2154
3EKX,2155
V7FA5,2156
3FYU3,2157
V7A4257,2158
V7BB2,2159
9HA5357,2160
D7VY,2161
V7DQ2,2162
V7JN4,2163
CQCL,2164
925235,2165
9V6273,2166
HPAX,2167
9HA4305,2168
9V6572,2169
5LAX8,2170
VRRQ3,2171
V7A4747,2172
3EIT4,2173
9V2733,2174
V7A2804,2175
A8HZ9,2176
V7RQ8,2177
C6WR8,2178
D7WL,2179
D7WM,2180
3FTQ2,2181
3EXG8,2182
210016,2183
V7XP4,2184
VRNP7,2185
3EPT4,2186
D5QN7,2187
LACQ6,2188
ZGFI7,2189
V7A4362,2190
V7YK9,2191
D5PH4,2192
3ELE4,2193
SBOV,2194
9HA5399,2195
A8HY4,2196
3FLJ5,2197
D5ZE7,2198
D5FZ3,2199
9V5120,2200
3FNA8,2201
V7DR9,2202
D7DK,2203
V7A4165,2204
3FFG7,2205
VRPN2,2206
3FIB6,2207
3EAY6,2208
5LAG5,2209
9V2738,2210
D5ZE2,2211
IBRN,2212
V7A4832,2213
HODB,2214
D5ZS4,2215
ZGFI5,2216
9VBU6,2217
A8YY5,2218
V7PA8,2219
HSB5886,2220
D5TN8,2221
HSB6323,2222
200042,2223
A8ZM7,2224
HZFW,2225
AUSX,2226
V7CU2,2227
2BYK2,2228
HPOZ,2229
D5DU4,2230
A8JC4,2231
D7GF,2232
9VHR2,2233
9HA3545,2234
171071,2235
VRSH4,2236
9V5189,2237
3FJQ8,2238
VRIA8,2239
D7CY,2240
210020,2241
D5XD2,2242
A8WB9,2243
3ELG3,2244
A8MJ8,2245
V7EC4,2246
V7A2333,2247
9V9575,2248
VRUD9,2249
D5ON6,2250
9HA3063,2251
V7RW8,2252
V7BU7,2253
D7BL,2254
OWFY2,2255
D5DY7,2256
H9HZ,2257
V7A4244,2258
D5QN5,2259
YBBU2,2260
WJBU,2261
9V8187,2262
LAHX6,2263
5LBF9,2264
3ERO8,2265
DYGQ,2266
VRUE6,2267
V7HU5,2268
9V9490,2269
MBPR5,2270
ZGEY,2271
V7GV9,2272
3FHU9,2273
SVBL3,2274
V7NW8,2275
210019,2276
LAPX7,2277
9HA5361,2278
C4ES2,2279
V7A4612,2280
ZCEO7,2281
9V5430,2282
VRTN3,2283
9V2312,2284
T2RF5,2285
V7JG5,2286
5LAI8,2287
BONU9,2288
XVGB7,2289
9V6403,2290
MFPZ7,2291
A8SM6,2292
9V3138,2293
BOPB,2294
VRLF4,2295
9V8981,2296
964966,2297
V7QQ9,2298
D7WK,2299
BPFZ,2300
D5SY2,2301
D5SB5,2302
OYMW2,2303
OYNA2,2304
9V8908,2305
V7A4503,2306
ZCEO5,2307
MHCK6,2308
V7A2811,2309
VRTV7,2310
3EWL6,2311
UBFM8,2312
XVFF,2313
9VNL5,2314
9HTT9,2315
3ESY9,2316
C6CK5,2317
H3KY,2318
9VJZ2,2319
D5QH2,2320
3E3942,2321
V7A4764,2322
23091,2323
UBLI6,2324
V7OG2,2325
9V2969,2326
LANQ8,2327
V7FS5,2328
210024,2329
V7BD4,2330
ZCDX8,2331
VRMZ6,2332
A8ZA5,2333
AUUP,2334
XVJM7,2335
BIJL,2336
V7A4229,2337
V7A4363,2338
9V6861,2339
V7BE8,2340
LAER6,2341
D8CC,2342
3E2415,2343
3EAW4,2344
9V6922,2345
VRPV3,2346
210023,2347
3E2394,2348
9V3670,2349
9HA5362,2350
BOQS6,2351
BOTE2,2352
9V6408,2353
LADG8,2354
3FJI6,2355
LAJA6,2356
D5WV2,2357
9VFQ5,2358
V7PS6,2359
V7A4905,2360
BOLF7,2361
D7DF,2362
C6EM5,2363
BLAK6,2364
A8RF2,2365
C6UW7,2366
D5TV9,2367
LAMT8,2368
D7TZ,2369
9V6169,2370
3WSO7,2371
SBRL,2372
V7CT4,2373
D5BS9,2374
VRGL9,2375
V7A4228,2376
9HA2018,2377
V7A4878,2378
E5U3586,2379
V7A4820,2380
V7FZ5,2381
9MLT2,2382
3ETG3,2383
H9EZ,2384
D5WD5,2385
ZCXG7,2386
3FXR2,2387
E5U3829,2388
3FIA6,2389
VRLN9,2390
V7PR5,2391
VRQT2,2392
XVIE7,2393
HZGG,2394
LAIC6,2395
VRBO3,2396
3E3386,2397
BOFH7,2398
OZAR2,2399
9VBK5,2400
V7A2702,2401
V7VZ4,2402
65812,2403
9LU2230,2404
210036,2405
3FSF2,2406
9V5967,2407
BUPN,2408
3EBG4,2409
9V7059,2410
V7NW5,2411
V7CP6,2412
OZKU2,2413
D5WY9,2414
D5VR6,2415
3EWW5,2416
SXUA,2417
3E3906,2418
H9LO,2419
VRFI5,2420
V7PV4,2421
C6DJ7,2422
A8JA4,2423
BICK5,2424
V7A4148,2425
9V2253,2426
9V6710,2427
V7VD8,2428
C6UI8,2429
V7GX9,2430
BIIG,2431
V7AD2,2432
V7CE3,2433
SVCD4,2434
VREV8,2435
BKWW5,2436
CQEM2,2437
D5NX4,2438
9HA3478,2439
WPPF,2440
D5TO3,2441
D7WV,2442
9V2926,2443
9V5204,2444
5LCH5,2445
9HUM8,2446
MDYP8,2447
3FZH2,2448
D7TC,2449
V7A2645,2450
LAHM7,2451
9HA5135,2452
D5XD7,2453
DYHT,2454
3FZN9,2455
D5YY3,2456
D5JP4,2457
D5ZE9,2458
BOTX7,2459
216804,2460
A8YK4,2461
UBRI9,2462
V7A4877,2463
180003,2464
3FOC2,2465
VRPS7,2466
V7IS7,2467
3FHH7,2468
BUQW,2469
BOPP9,2470
3FFB3,2471
V7PE8,2472
5LDL5,2473
VRQW7,2474
D5DN6,2475
BPGO,2476
9MRR9,2477
BURW,2478
AUMO,2479
C6BV7,2480
BOGE,2481
9V6906,2482
BORJ2,2483
3E3573,2484
A8YQ3,2485
9V2588,2486
5LCC7,2487
C6UI6,2488
V7DJ7,2489
9V7620,2490
A8CE4,2491
3E3969,2492
9MWS5,2493
D5MX6,2494
OYVD2,2495
3FTH8,2496
3EVT2,2497
D5VW8,2498
9V2924,2499
VRUI5,2500
D5GB8,2501
VRBU6,2502
UBJW3,2503
A8LA4,2504
V7NZ2,2505
V7CG3,2506
V7A4914,2507
CQEM4,2508
TRAC9,2509
210041,2510
5LAW6,2511
D5QY4,2512
3E3375,2513
S6BB8,2514
D5YI5,2515
OWDL2,2516
5LDV7,2517
9V2622,2518
9V9829,2519
V7CP7,2520
H9CC,2521
V7RF3,2522
V7YS4,2523
VRTS5,2524
9V2727,2525
CQEM6,2526
V7A2673,2527
9M2525,2528
3WLE9,2529
D5TK2,2530
ICNR,2531
D7WX,2532
7KEI,2533
3FGX7,2534
3EVV5,2535
VRUM4,2536
VRJW9,2537
VRUE5,2538
V7FQ7,2539
3FZK5,2540
D5XQ7,2541
3E2006,2542
5LCH3,2543
9HA5463,2544
3FSR7,2545
210043,2546
3E2053,2547
V7RA8,2548
SVDK3,2549
9V6711,2550
SVDN7,2551
9HA4519,2552
9VNH7,2553
9V7723,2554
V7A5067,2555
VRHQ7,2556
OZET2,2557
D5MW9,2558
T2RI5,2559
LAPT8,2560
D5SB7,2561
3EEV4,2562
V7A2435,2563
HSB4960,2564
V7A4856,2565
BIBX6,2566
WDM3306,2567
9HA5436,2568
XVHZ7,2569
3FTY4,2570
VRPP5,2571
LAPP8,2572
D7EU,2573
5LBI6,2574
9HA4254,2575
3E2041,2576
9V3647,2577
V7AX7,2578
3FJG3,2579
V7A5142,2580
V7A5164,2581
5LBF8,2582
3E3566,2583
D5BG8,2584
3ECW6,2585
3E3571,2586
9HA3052,2587
970714,2588
D5JM8,2589
OZPK2,2590
5AWY,2591
V7KO2,2592
V7A2328,2593
IBMT,2594
5LEB2,2595
D5DR6,2596
V7A4275,2597
9HA4185,2598
D5QU8,2599
LAZM4,2600
V7BN2,2601
V7ZV8,2602
ONKT,2603
D5RS5,2604
9V2825,2605
D5PC6,2606
VRDC7,2607
V7NM7,2608
D5MW7,2609
9V8526,2610
VRPO2,2611
3E2025,2612
3EEK2,2613
ZGFI8,2614
D5FT8,2615
222801,2616
V7TP2,2617
5LDL9,2618
210031,2619
D7WW,2620
D5XD3,2621
LACE7,2622
V7CT7,2623
5BGZ5,2624
3EYR7,2625
V7FO9,2626
3FTI6,2627
3E2043,2628
9HA5441,2629
9V2995,2630
XVJV7,2631
9V7264,2632
VRPS3,2633
5LBG2,2634
9V2201,2635
V7DH2,2636
2IYH3,2637
5LDM9,2638
V7A5325,2639
D5XD4,2640
S6BJ3,2641
5LBD2,2642
V7A5048,2643
ICIO,2644
CQAZ5,2645
9V5390,2646
LAPU8,2647
LAKQ8,2648
9HA4418,2649
9HA5586,2650
V7QV2,2651
MBAU8,2652
D5DP8,2653
V7BF2,2654
AWXF,2655
BOEP,2656
FMSF,2657
VRMH2,2658
D5FZ9,2659
9V2880,2660
3FOR4,2661
LALK8,2662
5LCC8,2663
OZCR2,2664
VRTG8,2665
H3TD,2666
V7XD3,2667
V7WR9,2668
D7FF,2669
V7AG9,2670
9HSL7,2671
VRUM7,2672
V7A2677,2673
TCA4454,2674
V7HK3,2675
HPVN,2676
9V2921,2677
9V6281,2678
LAOP8,2679
3FGL6,2680
HZQA,2681
D7FK,2682
XVIZ7,2683
BOHN5,2684
D5TK8,2685
3E2396,2686
BOFK7,2687
D5TE6,2688
9V5663,2689
D5FO5,2690
VRRT4,2691
V7OM5,2692
V7DV7,2693
3FCK7,2694
V7A2686,2695
UESG,2696
9V5731,2697
9V8599,2698
VRTD7,2699
5BAC2,2700
66572,2701
3E3399,2702
9V6279,2703
VRJR3,2704
V7JP2,2705
VRPS8,2706
A8ZL7,2707
V7BN8,2708
9V6402,2709
V7A4984,2710
3EWG3,2711
V7KH7,2712
VRQD9,2713
D7CW,2714
V7ZU8,2715
H9TI,2716
LADE8,2717
V7A5293,2718
220007,2719
V7A4793,2720
C6DH5,2721
BURF,2722
OZBA2,2723
A8VG8,2724
3E4019,2725
9V2344,2726
3E3403,2727
DXIP,2728
VRQI2,2729
9V7560,2730
D5AA6,2731
3E3422,2732
V7IL4,2733
3E3470,2734
V7BQ7,2735
5LCU5,2736
7KKV,2737
9V3771,2738
V7A5324,2739
V7RJ4,2740
9HA5493,2741
PEPA,2742
5LAW9,2743
HSB6277,2744
DUIL,2745
9V6712,2746
V7HG4,2747
3EFO9,2748
5LDG3,2749
V7LY4,2750
LARU7,2751
5LFT2,2752
V7KS9,2753
HZKD,2754
VREZ4,2755
5LEP5,2756
V7MT7,2757
21568,2758
V7A4550,2759
D5YC3,2760
9V6713,2761
C6YV6,2762
101991,2763
3E3975,2764
V7GW3,2765
3EMW2,2766
D5YI6,2767
VRDH2,2768
V7A5388,2769
AWTB,2770
V7TP5,2771
9V7265,2772
T2EU5,2773
ICCG,2774
V7YA3,2775
5LFP8,2776
5LFT5,2777
5LFT4,2778
V7A4471,2779
OZEU2,2780
LADZ8,2781
9V6738,2782
D5XC8,2783
VRPS6,2784
9V7459,2785
3E4058,2786
3E4071,2787
3EHO3,2788
VRQY5,2789
ICDY,2790
V7A2185,2791
5LCU6,2792
3E2455,2793
D7FM,2794
980100,2795
3EMN3,2796
9V2480,2797
5LFP7,2798
3E3411,2799
BOTQ6,2800
HOKF,2801
VRJJ4,2802
SVBQ7,2803
D7BB,2804
3E2584,2805
AUBT,2806
3ESH2,2807
161008,2808
9LU2373,2809
SVCH5,2810
9HA5666,2811
5LBZ9,2812
3E2114,2813
9V7450,2814
5BRX5,2815
9VDL7,2816
V7TW5,2817
XVIP7,2818
9V9365,2819
BURT,2820
5LBU4,2821
9V6588,2822
V7IB4,2823
3ETS3,2824
VRFL3,2825
V2GV7,2826
130037,2827
C6FJ7,2828
V7CA3,2829
D7EJ,2830
PMHQ,2831
XVHO7,2832
BOMX2,2833
OZTX2,2834
3E2477,2835
V2GX2,2836
9V7198,2837
V7A4853,2838
3E2162,2839
5BRU5,2840
5LBX6,2841
3E3431,2842
V7SL8,2843
9HA5119,2844
62521,2845
V7A2535,2846
OZNT2,2847
AWWM,2848
V7VN8,2849
VREK4,2850
C6BM3,2851
5LCI4,2852
SBTE,2853
D5CH7,2854
3FLU2,2855
5LCW9,2856
224810,2857
D7XD,2858
V7CJ6,2859
9V5736,2860
D5PD5,2861
3E2137,2862
3E2508,2863
LADH8,2864
VRMV5,2865
OZOS2,2866
T8A3516,2867
D5BQ9,2868
MBPR7,2869
V7A5552,2870
V7A2557,2871
10490,2872
3E2611,2873
3E2119,2874
V7JL8,2875
V7A2468,2876
V7A4187,2877
LAOL8,2878
HOOM,2879
2ICG5,2880
5LAW7,2881
5LFS9,2882
9HA5618,2883
A8KR8,2884
VRGO9,2885
C6BF8,2886
SVCE3,2887
D7DE,2888
BOEY,2889
9V6573,2890
D5UY2,2891
VRSP8,2892
3FRY4,2893
V7A4167,2894
9HA4888,2895
V7A5556,2896
D5MM9,2897
9V2927,2898
3E2134,2899
LASX7,2900
V7KS4,2901
9HA5700,2902
BIAR4,2903
3E2723,2904
BPFX,2905
D7XG,2906
5LCT2,2907
3E2516,2908
VRPY4,2909
A8ED6,2910
5LGP5,2911
OXQV2,2912
9V6035,2913
LAOM8,2914
9HA5486,2915
9HA5572,2916
V7PA4,2917
VRUO3,2918
3E2724,2919
224814,2920
V7A5389,2921
V7A2537,2922
5LGH3,2923
BOGD,2924
9V6034,2925
3EPI9,2926
9HA3993,2927
HP8096,2928
212838,2929
3E2725,2930
D7GJ,2931
UBJR7,2932
V7NQ7,2933
3E3683,2934
D5IO6,2935
3EFR5,2936
3E2447,2937
V7OB6,2938
BOSM6,2939
3EYU3,2940
A8XG6,2941
D7MM,2942
V7AG7,2943
5LFT6,2944
5LHA4,2945
3E3651,2946
9V8211,2947
V7XP3,2948
V7ZA6,2949
D5EH7,2950
HZKN,2951
V7KN7,2952
9V6777,2953
9V8822,2954
V7MJ4,2955
9V6627,2956
3E2731,2957
H3QI,2958
VRUE2,2959
9V8334,2960
3E2715,2961
9V7166,2962
BOUY3,2963
9HA4031,2964
BURJ,2965
5IM898,2966
3EHZ,2967
3FGZ7,2968
D5CK7,2969
220023,2970
3E3699,2971
LXET,2972
BOXF8,2973
A8YP8,2974
OZFZ2,2975
3E3402,2976
V7A5171,2977
V7LJ4,2978
9HA5378,2979
SVCH4,2980
3E4051,2981
9V9998,2982
H9ZH,2983
V7A5790,2984
V7A4622,2985
V7A4798,2986
C6CJ9,2987
3EYH8,2988
3E2772,2989
D5FZ4,2990
V7OD6,2991
9HA2840,2992
9V7888,2993
3EOB6,2994
D5ZE5,2995
D5ZF2,2996
3E2753,2997
ZGCD7,2998
9V6416,2999
V7RX3,3000
HZKC,3001
3E3989,3002
D7FL,3003
V7LV8,3004
BOFT3,3005
9A7627,3006
9HA4523,3007
CQEL8,3008
ZCSP3,3009
5BRV5,3010
V7NS9,3011
D7FB,3012
VRQY9,3013
3FNF4,3014
5LFN7,3015
9V8154,3016
SVET,3017
D5DU9,3018
V7A5808,3019
224809,3020
BKNM6,3021
3FFO9,3022
V7A4310,3023
OYER2,3024
9V8173,3025
220031,3026
V7A5809,3027
9V7701,3028
5LCF3,3029
POGX,3030
OUPJ2,3031
5LBE3,3032
OWPD2,3033
D5RC2,3034
HOSD,3035
V7BN7,3036
5LCL9,3037
9V3459,3038
BIQC,3039
VRTD8,3040
5LGH2,3041
T2ZT4,3042
5LIS3,3043
7KNG,3044
9HA3892,3045
V7HS3,3046
5LEL2,3047
9HA5669,3048
5LEU7,3049
VRHZ4,3050
V7VJ6,3051
3E4034,3052
OYDH2,3053
V7LN8,3054
5LHA3,3055
MMRI5,3056
9HA4521,3057
BPGP,3058
D7XM,3059
BOSP6,3060
V7A5820,3061
V7A4827,3062
V7A2438,3063
V7FR2,3064
D5QN8,3065
V7IX9,3066
224805,3067
D5CK8,3068
3E3408,3069
CQEX5,3070
160063,3071
V7DD6,3072
9HA5194,3073
FMRU,3074
LAGT8,3075
PNSJ,3076
3E3380,3077
SVVR,3078
V7A4918,3079
D5XD8,3080
